{
  "schema_version": "1.6",
  "generated_at": "2026-05-11T04:46:48.561886+00:00",
  "inputs": {
    "predictions_path": "/home/seono/workspace/late-interaction-mm-graph-rag/result/webqa/20260511_133856_q5_shard14/phase5_inference/predictions.json",
    "gold_jsonl_path": "/home/seono/workspace/late-interaction-mm-graph-rag/result/webqa/20260511_133856_q5_shard14/webqa_slice/webqa_questions.jsonl",
    "split_label": "val",
    "mmgraphrag_run_id": null,
    "git_commit": null
  },
  "counts": {
    "All": 66,
    "scored": 5,
    "Unimodal": 66,
    "Multimodal": 0,
    "by_Qcate": {
      "YesNo": 3,
      "choose": 2
    }
  },
  "leaderboard_summary": {
    "All": {
      "QA-FL": 82.34892126173668,
      "QA-Acc": 38.18181818181819,
      "QA": 30.01925929032172
    },
    "Unimodal": {
      "QA-FL": 82.34892126173668,
      "QA-Acc": 38.18181818181819,
      "QA": 30.01925929032172
    },
    "Multimodal": {
      "QA-FL": 0.0,
      "QA-Acc": 0.0,
      "QA": 0.0
    },
    "source": "ACL-25 Query-Driven-Multimodal-GraphRAG Table 2 + WebQA EvalAI wire names (Fluency/Accuracy/mul -> QA-FL/QA-Acc/QA)."
  },
  "retrieval_summary": {
    "status": "missing_rankings_json",
    "hint": "Provide --retrieval_rankings_json or place retrieval_rankings.json under result/<MMGRAPHRAG_RUN_ID>/ to populate this block."
  },
  "scores": {
    "All": {
      "list_f1": 6.151515151515152,
      "list_em": 0.0,
      "f1": 6.151515151515152,
      "em": 0.0,
      "webqa_acc_approx": 38.18181818181819,
      "webqa_qa_fl": 82.34892126173668,
      "webqa_qa": 30.01925929032172,
      "qa_fl": 82.34892126173668,
      "qa_acc": 38.18181818181819,
      "qa": 30.01925929032172,
      "list_f1_keyword": 2.272727272727273,
      "list_em_keyword": 0.0
    },
    "Unimodal": {
      "list_f1": 6.151515151515152,
      "list_em": 0.0,
      "f1": 6.151515151515152,
      "em": 0.0,
      "webqa_acc_approx": 38.18181818181819,
      "webqa_qa_fl": 82.34892126173668,
      "webqa_qa": 30.01925929032172,
      "qa_fl": 82.34892126173668,
      "qa_acc": 38.18181818181819,
      "qa": 30.01925929032172,
      "list_f1_keyword": 2.272727272727273,
      "list_em_keyword": 0.0
    },
    "Multimodal": {
      "list_f1": 0.0,
      "list_em": 0.0,
      "f1": 0.0,
      "em": 0.0,
      "webqa_acc_approx": 0.0,
      "webqa_qa_fl": 0.0,
      "webqa_qa": 0.0,
      "qa_fl": 0.0,
      "qa_acc": 0.0,
      "qa": 0.0,
      "list_f1_keyword": 0.0,
      "list_em_keyword": 0.0
    },
    "by_Qcate_webqa_acc_approx": {
      "YesNo": 0.0,
      "choose": 95.45454545454545
    },
    "by_Qcate_webqa_qa_fl": {
      "YesNo": 85.03447155807397,
      "choose": 78.32059581723072
    },
    "by_Qcate_webqa_qa": {
      "YesNo": 0.0,
      "choose": 75.0481482258043
    },
    "by_Qcate_qa_fl": {
      "YesNo": 85.03447155807397,
      "choose": 78.32059581723072
    },
    "by_Qcate_qa_acc": {
      "YesNo": 0.0,
      "choose": 95.45454545454545
    },
    "by_Qcate_qa": {
      "YesNo": 0.0,
      "choose": 75.0481482258043
    },
    "by_Qcate_list_em_keyword": {
      "Others": 0.0,
      "YesNo": 0.0,
      "choose": 0.0,
      "color": 0.0,
      "shape": 0.0,
      "text": 0.0
    },
    "by_Qcate_list_f1_keyword": {
      "Others": 0.0,
      "YesNo": 0.0,
      "choose": 10.0,
      "color": 0.0,
      "shape": 0.0,
      "text": 0.0
    }
  },
  "diagnostics": {
    "num_prediction_keys": 5,
    "non_empty_string_values": 5,
    "unique_answer_strings": 5,
    "min_answer_len": 120,
    "max_answer_len": 120,
    "values_placeholder_or_unknown_like": 0,
    "suspicious_few_unique_short_strings": false,
    "hint": null,
    "webqa_fluency_backend": "bart",
    "webqa_fluency_model": "facebook/bart-large-cnn",
    "webqa_fluency_effective_backend": "bart"
  },
  "definitions": {
    "Unimodal": "metadata.webqa.multimodal == false (val: no img_posFacts; test: no img_Facts)",
    "Multimodal": "metadata.webqa.multimodal == true",
    "list_em_list_f1": "list EM / list F1 from webqa_qa_scoring.evaluate_predictions; reference Query-Driven-Multimodal-GraphRAG eval/evaluate.py.",
    "webqa_acc_approx": "Category-aware approximation of WebQA QA-Acc (Qibin Chen / WebQA-main/eval_webqa.md); color/shape/YesNo -> keyword-set F1, number -> numeric-token F1, text/Others/choose -> raw bag-of-words recall. Matches the metric WebQA's leaderboard uses on val when keyword_answer is not available.",
    "list_em_keyword_list_f1_keyword": "Same MMQA list EM / list F1 evaluator as above, but both gold and prediction are first reduced with qcate_keyword_tokens(). For WebQA the raw gold is always a full natural-language sentence, so the unfiltered list_em collapses to 0; the keyword variant projects both sides onto the same Qcate-filtered bag the WebQA leaderboard uses against its hidden Keywords_answer, so EM/F1 can actually fire.",
    "webqa_qa_fl": "WebQA QA-FL (Fluency): BARTScore (default facebook/bart-large-cnn) normalized to [0,1] via exp(avg_log_p / WEBQA_FLUENCY_SCALE); see util/webqa_fluency.py. Falls back to ROUGE-L F1 when BART weights are unavailable (diagnostics.webqa_fluency_effective_backend=='rouge'). Aggregated to the leaderboard [0,100] scale.",
    "webqa_qa": "WebQA QA leaderboard score: per-sample FL_i * Acc_i averaged over the split. Matches the 'mul' field returned by the WebQA EvalAI server (reference/code/WebQA-main/WebQA-main/demo/Call_WebQA_eval_server_locally.py). Per-sample product then macro mean -- not product of macro means.",
    "qa_fl_qa_acc_qa": "Paper-consistent aliases introduced in schema 1.5. ``qa_fl`` / ``qa_acc`` / ``qa`` are identical values to ``webqa_qa_fl`` / ``webqa_acc_approx`` / ``webqa_qa`` above, but named after the ACL-25 Query-Driven-Multimodal-GraphRAG paper (Table 2) and the WebQA EvalAI server wire format (Fluency/Accuracy/mul -> QA-FL/QA-Acc/QA). Use these for any leaderboard-facing report / README table.",
    "retrieval_summary": "IR metrics for the ranked-source list fed to the generator (schema 1.6+). Filled from --retrieval_rankings_json (or result/<RUN_ID>/retrieval_rankings.json) using eval/evaluate_retrieval.py: overall / multimodal / unimodal / by_Qcate / by_modality buckets, each with hit@k / recall@k / mrr@k / ndcg@k / map@k / retrieval_f1 across the --retrieval_ks sweep. ``k_gen`` is the operating point the answer generator actually sees (default 10)."
  }
}
